04162020 Vista Village Monthly Budget per Unit Current Year.xlsx,2020 06 20 13:21:13,/Users/clairehesselholt/Documents/Documents:,/Users/clairehesselholt/Documents/VV Docs:
25116572-1.jpg,2005 08 10 22:02:21,/Users/clairehesselholt/Documents/Documents/John L_ Scott Real Estate2_files:,/Users/clairehesselholt/Documents/Documents/John L_ Scott Real Estate3_files:,/Users/clairehesselholt/Documents/Documents/John L_ Scott Real Estate3_files/John L_ Scott Real Estate1_files:,/Users/clairehesselholt/Documents/Documents/John L_ Scott Real Estate4_files:,/Users/clairehesselholt/Documents/Documents/John L_ Scott Real Estate5_files:,/Users/clairehesselholt/Documents/Documents/John L_ Scott Real Estate6_files:,/Users/clairehesselholt/Documents/Documents/John L_ Scott Real Estate7_files:,/Users/clairehesselholt/Documents/Documents/John L_ Scott Real Estate8_files:,/Users/clairehesselholt/Documents/Documents/John L_ Scott Real Estate9_files:
25116572-2.jpg,2005 08 10 22:02:21,/Users/clairehesselholt/Documents/Documents/John L_ Scott Real Estate2_files:,/Users/clairehesselholt/Documents/Documents/John L_ Scott Real Estate3_files:,/Users/clairehesselholt/Documents/Documents/John L_ Scott Real Estate3_files/John L_ Scott Real Estate1_files:,/Users/clairehesselholt/Documents/Documents/John L_ Scott Real Estate4_files:,/Users/clairehesselholt/Documents/Documents/John L_ Scott Real Estate5_files:,/Users/clairehesselholt/Documents/Documents/John L_ Scott Real Estate6_files:,/Users/clairehesselholt/Documents/Documents/John L_ Scott Real Estate7_files:,/Users/clairehesselholt/Documents/Documents/John L_ Scott Real Estate8_files:,/Users/clairehesselholt/Documents/Documents/John L_ Scott Real Estate9_files:
25116572-3.jpg,2005 08 10 22:02:21,/Users/clairehesselholt/Documents/Documents/John L_ Scott Real Estate2_files:,/Users/clairehesselholt/Documents/Documents/John L_ Scott Real Estate3_files:,/Users/clairehesselholt/Documents/Documents/John L_ Scott Real Estate3_files/John L_ Scott Real Estate1_files:,/Users/clairehesselholt/Documents/Documents/John L_ Scott Real Estate4_files:,/Users/clairehesselholt/Documents/Documents/John L_ Scott Real Estate5_files:,/Users/clairehesselholt/Documents/Documents/John L_ Scott Real Estate6_files:,/Users/clairehesselholt/Documents/Documents/John L_ Scott Real Estate7_files:,/Users/clairehesselholt/Documents/Documents/John L_ Scott Real Estate8_files:,/Users/clairehesselholt/Documents/Documents/John L_ Scott Real Estate9_files:
25116572-4.jpg,2005 08 10 22:02:21,/Users/clairehesselholt/Documents/Documents/John L_ Scott Real Estate2_files:,/Users/clairehesselholt/Documents/Documents/John L_ Scott Real Estate3_files:,/Users/clairehesselholt/Documents/Documents/John L_ Scott Real Estate3_files/John L_ Scott Real Estate1_files:,/Users/clairehesselholt/Documents/Documents/John L_ Scott Real Estate4_files:,/Users/clairehesselholt/Documents/Documents/John L_ Scott Real Estate5_files:,/Users/clairehesselholt/Documents/Documents/John L_ Scott Real Estate6_files:,/Users/clairehesselholt/Documents/Documents/John L_ Scott Real Estate7_files:,/Users/clairehesselholt/Documents/Documents/John L_ Scott Real Estate8_files:,/Users/clairehesselholt/Documents/Documents/John L_ Scott Real Estate9_files:
25116572-5.jpg,2005 08 10 22:02:22,/Users/clairehesselholt/Documents/Documents/John L_ Scott Real Estate2_files:,/Users/clairehesselholt/Documents/Documents/John L_ Scott Real Estate3_files:,/Users/clairehesselholt/Documents/Documents/John L_ Scott Real Estate3_files/John L_ Scott Real Estate1_files:,/Users/clairehesselholt/Documents/Documents/John L_ Scott Real Estate4_files:,/Users/clairehesselholt/Documents/Documents/John L_ Scott Real Estate5_files:,/Users/clairehesselholt/Documents/Documents/John L_ Scott Real Estate6_files:,/Users/clairehesselholt/Documents/Documents/John L_ Scott Real Estate7_files:,/Users/clairehesselholt/Documents/Documents/John L_ Scott Real Estate8_files:,/Users/clairehesselholt/Documents/Documents/John L_ Scott Real Estate9_files:
25116572-6.jpg,2005 08 10 22:02:21,/Users/clairehesselholt/Documents/Documents/John L_ Scott Real Estate2_files:,/Users/clairehesselholt/Documents/Documents/John L_ Scott Real Estate3_files:,/Users/clairehesselholt/Documents/Documents/John L_ Scott Real Estate3_files/John L_ Scott Real Estate1_files:,/Users/clairehesselholt/Documents/Documents/John L_ Scott Real Estate4_files:,/Users/clairehesselholt/Documents/Documents/John L_ Scott Real Estate5_files:,/Users/clairehesselholt/Documents/Documents/John L_ Scott Real Estate6_files:,/Users/clairehesselholt/Documents/Documents/John L_ Scott Real Estate7_files:,/Users/clairehesselholt/Documents/Documents/John L_ Scott Real Estate8_files:,/Users/clairehesselholt/Documents/Documents/John L_ Scott Real Estate9_files:
25116572-7.jpg,2005 08 10 22:02:22,/Users/clairehesselholt/Documents/Documents/John L_ Scott Real Estate2_files:,/Users/clairehesselholt/Documents/Documents/John L_ Scott Real Estate3_files:,/Users/clairehesselholt/Documents/Documents/John L_ Scott Real Estate3_files/John L_ Scott Real Estate1_files:,/Users/clairehesselholt/Documents/Documents/John L_ Scott Real Estate4_files:,/Users/clairehesselholt/Documents/Documents/John L_ Scott Real Estate5_files:,/Users/clairehesselholt/Documents/Documents/John L_ Scott Real Estate6_files:,/Users/clairehesselholt/Documents/Documents/John L_ Scott Real Estate7_files:,/Users/clairehesselholt/Documents/Documents/John L_ Scott Real Estate8_files:,/Users/clairehesselholt/Documents/Documents/John L_ Scott Real Estate9_files:
25116572-8.jpg,2005 08 10 22:02:22,/Users/clairehesselholt/Documents/Documents/John L_ Scott Real Estate2_files:,/Users/clairehesselholt/Documents/Documents/John L_ Scott Real Estate3_files:,/Users/clairehesselholt/Documents/Documents/John L_ Scott Real Estate3_files/John L_ Scott Real Estate1_files:,/Users/clairehesselholt/Documents/Documents/John L_ Scott Real Estate4_files:,/Users/clairehesselholt/Documents/Documents/John L_ Scott Real Estate5_files:,/Users/clairehesselholt/Documents/Documents/John L_ Scott Real Estate6_files:,/Users/clairehesselholt/Documents/Documents/John L_ Scott Real Estate7_files:,/Users/clairehesselholt/Documents/Documents/John L_ Scott Real Estate8_files:,/Users/clairehesselholt/Documents/Documents/John L_ Scott Real Estate9_files:
25116572.jpg,2005 08 10 22:02:17,/Users/clairehesselholt/Documents/Documents/John L_ Scott Real Estate2_files:,/Users/clairehesselholt/Documents/Documents/John L_ Scott Real Estate3_files:,/Users/clairehesselholt/Documents/Documents/John L_ Scott Real Estate3_files/John L_ Scott Real Estate1_files:,/Users/clairehesselholt/Documents/Documents/John L_ Scott Real Estate4_files:,/Users/clairehesselholt/Documents/Documents/John L_ Scott Real Estate5_files:,/Users/clairehesselholt/Documents/Documents/John L_ Scott Real Estate6_files:,/Users/clairehesselholt/Documents/Documents/John L_ Scott Real Estate7_files:,/Users/clairehesselholt/Documents/Documents/John L_ Scott Real Estate8_files:,/Users/clairehesselholt/Documents/Documents/John L_ Scott Real Estate9_files:
CACLUFWH.html,2005 08 25 05:57:46,/Users/clairehesselholt/Documents/Documents/John L_ Scott Real Estate2_files:,/Users/clairehesselholt/Documents/Documents/John L_ Scott Real Estate3_files:,/Users/clairehesselholt/Documents/Documents/John L_ Scott Real Estate3_files/John L_ Scott Real Estate1_files:,/Users/clairehesselholt/Documents/Documents/John L_ Scott Real Estate4_files:,/Users/clairehesselholt/Documents/Documents/John L_ Scott Real Estate5_files:,/Users/clairehesselholt/Documents/Documents/John L_ Scott Real Estate6_files:,/Users/clairehesselholt/Documents/Documents/John L_ Scott Real Estate7_files:,/Users/clairehesselholt/Documents/Documents/John L_ Scott Real Estate8_files:,/Users/clairehesselholt/Documents/Documents/John L_ Scott Real Estate9_files:
DSC_0025.JPG,2008 03 18 17:54:06,/Users/clairehesselholt/Documents/Documents/My Pictures/Img0022:,/Users/clairehesselholt/Documents/Documents/My Pictures/Remodel/Img0022:
DSC_0026.JPG,2008 03 18 17:54:08,/Users/clairehesselholt/Documents/Documents/My Pictures/Img0022:,/Users/clairehesselholt/Documents/Documents/My Pictures/Remodel/Img0022:
DSC_0027.JPG,2008 03 18 17:54:14,/Users/clairehesselholt/Documents/Documents/My Pictures/Img0022:,/Users/clairehesselholt/Documents/Documents/My Pictures/Remodel/Img0022:
DSC_0028.JPG,2008 03 18 17:55:12,/Users/clairehesselholt/Documents/Documents/My Pictures/Img0022:,/Users/clairehesselholt/Documents/Documents/My Pictures/Remodel/Img0022:
DSC_0029.JPG,2008 03 18 17:55:18,/Users/clairehesselholt/Documents/Documents/My Pictures/Img0022:,/Users/clairehesselholt/Documents/Documents/My Pictures/Remodel/Img0022:
DSC_0030.JPG,2008 03 18 17:55:26,/Users/clairehesselholt/Documents/Documents/My Pictures/Img0022:,/Users/clairehesselholt/Documents/Documents/My Pictures/Remodel/Img0022:
DSC_0031.JPG,2008 03 18 17:55:32,/Users/clairehesselholt/Documents/Documents/My Pictures/Img0022:,/Users/clairehesselholt/Documents/Documents/My Pictures/Remodel/Img0022:
DSC_0032.JPG,2008 03 18 17:55:40,/Users/clairehesselholt/Documents/Documents/My Pictures/Img0022:,/Users/clairehesselholt/Documents/Documents/My Pictures/Remodel/Img0022:
DSC_0033.JPG,2008 03 18 17:56:02,/Users/clairehesselholt/Documents/Documents/My Pictures/Img0022:,/Users/clairehesselholt/Documents/Documents/My Pictures/Remodel/Img0022:
DSC_0063.JPG,2006 04 16 18:20:02,/Users/clairehesselholt/Documents/Documents/My Pictures/Img0007:,/Users/clairehesselholt/Documents/Documents/My Pictures/fenskehouse:
DSC_0064.JPG,2006 04 16 18:20:08,/Users/clairehesselholt/Documents/Documents/My Pictures/Img0007:,/Users/clairehesselholt/Documents/Documents/My Pictures/fenskehouse:
DSC_0065.JPG,2006 04 16 18:21:08,/Users/clairehesselholt/Documents/Documents/My Pictures/Img0007:,/Users/clairehesselholt/Documents/Documents/My Pictures/fenskehouse:
DSC_0066.JPG,2006 04 16 18:21:16,/Users/clairehesselholt/Documents/Documents/My Pictures/Img0007:,/Users/clairehesselholt/Documents/Documents/My Pictures/fenskehouse:
DSC_0067.JPG,2006 04 16 18:21:26,/Users/clairehesselholt/Documents/Documents/My Pictures/Img0007:,/Users/clairehesselholt/Documents/Documents/My Pictures/fenskehouse:
DSC_0075.JPG,2008 04 10 19:44:32,/Users/clairehesselholt/Documents/Documents/My Pictures/Img0022:,/Users/clairehesselholt/Documents/Documents/My Pictures/Remodel/Img0022:
DSC_0076.JPG,2008 04 10 19:44:44,/Users/clairehesselholt/Documents/Documents/My Pictures/Img0022:,/Users/clairehesselholt/Documents/Documents/My Pictures/Remodel/Img0022:
DSC_0106.JPG,2008 04 18 16:45:34,/Users/clairehesselholt/Documents/Documents/My Pictures/Img0022:,/Users/clairehesselholt/Documents/Documents/My Pictures/Remodel/Img0022:
DSC_0162.JPG,2008 06 7 06:49:08,/Users/clairehesselholt/Documents/Documents/My Pictures/Img0022:,/Users/clairehesselholt/Documents/Documents/My Pictures/Remodel/Img0022:
DSC_0163.JPG,2008 06 7 06:49:30,/Users/clairehesselholt/Documents/Documents/My Pictures/Img0022:,/Users/clairehesselholt/Documents/Documents/My Pictures/Remodel/Img0022:
DSC_0165.JPG,2008 06 7 06:49:38,/Users/clairehesselholt/Documents/Documents/My Pictures/Img0022:,/Users/clairehesselholt/Documents/Documents/My Pictures/Remodel/Img0022:
DSC_0167.JPG,2008 06 7 06:49:52,/Users/clairehesselholt/Documents/Documents/My Pictures/Img0022:,/Users/clairehesselholt/Documents/Documents/My Pictures/Remodel/Img0022:
DSC_0168.JPG,2008 06 7 06:49:56,/Users/clairehesselholt/Documents/Documents/My Pictures/Img0022:,/Users/clairehesselholt/Documents/Documents/My Pictures/Remodel/Img0022:
DSC_0169.JPG,2008 06 7 06:50:10,/Users/clairehesselholt/Documents/Documents/My Pictures/Img0022:,/Users/clairehesselholt/Documents/Documents/My Pictures/Remodel/Img0022:
DSC_0170.JPG,2008 06 7 06:50:16,/Users/clairehesselholt/Documents/Documents/My Pictures/Img0022:,/Users/clairehesselholt/Documents/Documents/My Pictures/Remodel/Img0022:
DSC_0171.JPG,2008 06 7 06:50:24,/Users/clairehesselholt/Documents/Documents/My Pictures/Img0022:,/Users/clairehesselholt/Documents/Documents/My Pictures/Remodel/Img0022:
DSC_0172.JPG,2008 06 7 06:50:24,/Users/clairehesselholt/Documents/Documents/My Pictures/Img0022:,/Users/clairehesselholt/Documents/Documents/My Pictures/Remodel/Img0022:
EmailBanner.jpg,2005 07 9 22:08:47,/Users/clairehesselholt/Documents/Documents/John L_ Scott Real Estate2_files:,/Users/clairehesselholt/Documents/Documents/John L_ Scott Real Estate3_files:,/Users/clairehesselholt/Documents/Documents/John L_ Scott Real Estate3_files/John L_ Scott Real Estate1_files:,/Users/clairehesselholt/Documents/Documents/John L_ Scott Real Estate4_files:,/Users/clairehesselholt/Documents/Documents/John L_ Scott Real Estate5_files:,/Users/clairehesselholt/Documents/Documents/John L_ Scott Real Estate6_files:,/Users/clairehesselholt/Documents/Documents/John L_ Scott Real Estate7_files:,/Users/clairehesselholt/Documents/Documents/John L_ Scott Real Estate8_files:,/Users/clairehesselholt/Documents/Documents/John L_ Scott Real Estate9_files:
Icon,2024 12 19 04:56:51,/Users/clairehesselholt/Dropbox:,/Users/clairehesselholt/Dropbox/Valley of the Kings:
Image001.jpg,2003 03 24 09:22:40,"/Users/clairehesselholt/Documents/Documents/My Pictures/April 24, 2003:",/Users/clairehesselholt/Documents/Documents/My Pictures/pond:
Image002.jpg,2003 03 24 09:22:46,"/Users/clairehesselholt/Documents/Documents/My Pictures/April 24, 2003:",/Users/clairehesselholt/Documents/Documents/My Pictures/pond:
Image003.jpg,2003 03 24 09:22:58,"/Users/clairehesselholt/Documents/Documents/My Pictures/April 24, 2003:",/Users/clairehesselholt/Documents/Documents/My Pictures/pond:
Image004.jpg,2003 03 24 09:23:10,"/Users/clairehesselholt/Documents/Documents/My Pictures/April 24, 2003:",/Users/clairehesselholt/Documents/Documents/My Pictures/pond:
Image005.jpg,2003 03 24 09:23:18,"/Users/clairehesselholt/Documents/Documents/My Pictures/April 24, 2003:",/Users/clairehesselholt/Documents/Documents/My Pictures/pond:
Image006.jpg,2000 07 7 02:57:24,"/Users/clairehesselholt/Documents/Documents/My Pictures/November 16, 2003:",/Users/clairehesselholt/Documents/Documents/My Pictures/house:
Image006.jpg,2003 03 24 09:23:34,"/Users/clairehesselholt/Documents/Documents/My Pictures/April 24, 2003:",/Users/clairehesselholt/Documents/Documents/My Pictures/pond:
Image007.jpg,2000 07 7 02:57:34,"/Users/clairehesselholt/Documents/Documents/My Pictures/November 16, 2003:",/Users/clairehesselholt/Documents/Documents/My Pictures/house:
Image008.jpg,2000 07 7 02:57:44,"/Users/clairehesselholt/Documents/Documents/My Pictures/November 16, 2003:",/Users/clairehesselholt/Documents/Documents/My Pictures/house:
Image009.jpg,2000 07 7 02:58:08,"/Users/clairehesselholt/Documents/Documents/My Pictures/November 16, 2003:",/Users/clairehesselholt/Documents/Documents/My Pictures/house:
Image009.jpg,2002 04 20 21:07:00,"/Users/clairehesselholt/Documents/Documents/My Pictures/May 13, 2002:",/Users/clairehesselholt/Documents/Documents/My Pictures/dadpics:
Image010.jpg,2000 07 7 02:58:22,"/Users/clairehesselholt/Documents/Documents/My Pictures/November 16, 2003:",/Users/clairehesselholt/Documents/Documents/My Pictures/house:
Image010.jpg,2002 04 20 21:07:20,"/Users/clairehesselholt/Documents/Documents/My Pictures/May 13, 2002:",/Users/clairehesselholt/Documents/Documents/My Pictures/dadpics:
Image011.jpg,2000 07 7 02:58:40,"/Users/clairehesselholt/Documents/Documents/My Pictures/November 16, 2003:",/Users/clairehesselholt/Documents/Documents/My Pictures/house:
Image011.jpg,2002 04 20 21:08:30,"/Users/clairehesselholt/Documents/Documents/My Pictures/May 13, 2002:",/Users/clairehesselholt/Documents/Documents/My Pictures/dadpics:
Image012.jpg,2000 07 7 02:58:48,"/Users/clairehesselholt/Documents/Documents/My Pictures/November 16, 2003:",/Users/clairehesselholt/Documents/Documents/My Pictures/house:
Image012.jpg,2002 04 20 21:15:10,"/Users/clairehesselholt/Documents/Documents/My Pictures/May 13, 2002:",/Users/clairehesselholt/Documents/Documents/My Pictures/dadpics:
Image013.jpg,2000 07 7 02:59:02,"/Users/clairehesselholt/Documents/Documents/My Pictures/November 16, 2003:",/Users/clairehesselholt/Documents/Documents/My Pictures/house:
Image013.jpg,2002 04 20 21:15:20,"/Users/clairehesselholt/Documents/Documents/My Pictures/May 13, 2002:",/Users/clairehesselholt/Documents/Documents/My Pictures/dadpics:
Image014.jpg,2000 07 7 02:59:52,"/Users/clairehesselholt/Documents/Documents/My Pictures/November 16, 2003:",/Users/clairehesselholt/Documents/Documents/My Pictures/house:
Image014.jpg,2002 04 20 21:15:58,"/Users/clairehesselholt/Documents/Documents/My Pictures/May 13, 2002:",/Users/clairehesselholt/Documents/Documents/My Pictures/dadpics:
Image015.jpg,2000 07 7 03:00:02,"/Users/clairehesselholt/Documents/Documents/My Pictures/November 16, 2003:",/Users/clairehesselholt/Documents/Documents/My Pictures/house:
Image015.jpg,2002 04 20 21:16:08,"/Users/clairehesselholt/Documents/Documents/My Pictures/May 13, 2002:",/Users/clairehesselholt/Documents/Documents/My Pictures/dadpics:
Image016.jpg,2002 04 20 21:16:20,"/Users/clairehesselholt/Documents/Documents/My Pictures/May 13, 2002:",/Users/clairehesselholt/Documents/Documents/My Pictures/dadpics:
Image017.jpg,2002 04 20 21:16:32,"/Users/clairehesselholt/Documents/Documents/My Pictures/May 13, 2002:",/Users/clairehesselholt/Documents/Documents/My Pictures/dadpics:
Image018.jpg,2002 04 20 21:16:52,"/Users/clairehesselholt/Documents/Documents/My Pictures/May 13, 2002:",/Users/clairehesselholt/Documents/Documents/My Pictures/dadpics:
Image019.jpg,2002 05 11 09:02:52,"/Users/clairehesselholt/Documents/Documents/My Pictures/May 13, 2002:",/Users/clairehesselholt/Documents/Documents/My Pictures/dadpics:
Image020.jpg,2002 05 11 09:03:26,"/Users/clairehesselholt/Documents/Documents/My Pictures/May 13, 2002:",/Users/clairehesselholt/Documents/Documents/My Pictures/dadpics:
Image021.jpg,2002 05 11 09:03:32,"/Users/clairehesselholt/Documents/Documents/My Pictures/May 13, 2002:",/Users/clairehesselholt/Documents/Documents/My Pictures/dadpics:
Image021.jpg,2003 04 11 05:47:06,"/Users/clairehesselholt/Documents/Documents/My Pictures/April 24, 2003:",/Users/clairehesselholt/Documents/Documents/My Pictures/pond:
Image022.jpg,2001 07 24 10:32:54,"/Users/clairehesselholt/Documents/Documents/My Pictures/October 13, 2001:",/Users/clairehesselholt/Documents/Documents/My Pictures/Trip - London 2:
Image022.jpg,2002 05 11 09:04:58,"/Users/clairehesselholt/Documents/Documents/My Pictures/May 13, 2002:",/Users/clairehesselholt/Documents/Documents/My Pictures/dadpics:
Image022.jpg,2003 04 11 05:47:18,"/Users/clairehesselholt/Documents/Documents/My Pictures/April 24, 2003:",/Users/clairehesselholt/Documents/Documents/My Pictures/pond:
Image023.jpg,2001 07 24 10:33:06,"/Users/clairehesselholt/Documents/Documents/My Pictures/October 13, 2001:",/Users/clairehesselholt/Documents/Documents/My Pictures/Trip - London 2:
Image023.jpg,2002 05 11 09:05:04,"/Users/clairehesselholt/Documents/Documents/My Pictures/May 13, 2002:",/Users/clairehesselholt/Documents/Documents/My Pictures/dadpics:
Image023.jpg,2003 04 11 05:47:34,"/Users/clairehesselholt/Documents/Documents/My Pictures/April 24, 2003:",/Users/clairehesselholt/Documents/Documents/My Pictures/pond:
Image024.jpg,2001 07 24 10:34:14,"/Users/clairehesselholt/Documents/Documents/My Pictures/October 13, 2001:",/Users/clairehesselholt/Documents/Documents/My Pictures/Trip - London 2:
Image024.jpg,2002 05 11 09:06:08,"/Users/clairehesselholt/Documents/Documents/My Pictures/May 13, 2002:",/Users/clairehesselholt/Documents/Documents/My Pictures/dadpics:
Image024.jpg,2003 04 11 05:48:02,"/Users/clairehesselholt/Documents/Documents/My Pictures/April 24, 2003:",/Users/clairehesselholt/Documents/Documents/My Pictures/pond:
Image025.jpg,2002 05 11 09:06:30,"/Users/clairehesselholt/Documents/Documents/My Pictures/May 13, 2002:",/Users/clairehesselholt/Documents/Documents/My Pictures/dadpics:
Image025.jpg,2003 04 11 05:48:08,"/Users/clairehesselholt/Documents/Documents/My Pictures/April 24, 2003:",/Users/clairehesselholt/Documents/Documents/My Pictures/pond:
Image026.jpg,2002 05 11 09:06:46,"/Users/clairehesselholt/Documents/Documents/My Pictures/May 13, 2002:",/Users/clairehesselholt/Documents/Documents/My Pictures/dadpics:
Image026.jpg,2003 04 11 05:48:16,"/Users/clairehesselholt/Documents/Documents/My Pictures/April 24, 2003:",/Users/clairehesselholt/Documents/Documents/My Pictures/pond:
Image027.jpg,2002 05 11 09:09:32,"/Users/clairehesselholt/Documents/Documents/My Pictures/May 13, 2002:",/Users/clairehesselholt/Documents/Documents/My Pictures/dadpics:
Image027.jpg,2003 04 11 05:48:26,"/Users/clairehesselholt/Documents/Documents/My Pictures/April 24, 2003:",/Users/clairehesselholt/Documents/Documents/My Pictures/pond:
Image028.jpg,2002 05 11 09:10:42,"/Users/clairehesselholt/Documents/Documents/My Pictures/May 13, 2002:",/Users/clairehesselholt/Documents/Documents/My Pictures/dadpics:
Image028.jpg,2003 04 16 10:46:40,"/Users/clairehesselholt/Documents/Documents/My Pictures/April 24, 2003:",/Users/clairehesselholt/Documents/Documents/My Pictures/pond:
Image029.jpg,2002 05 11 09:11:46,"/Users/clairehesselholt/Documents/Documents/My Pictures/May 13, 2002:",/Users/clairehesselholt/Documents/Documents/My Pictures/dadpics:
Image029.jpg,2003 04 16 10:46:52,"/Users/clairehesselholt/Documents/Documents/My Pictures/April 24, 2003:",/Users/clairehesselholt/Documents/Documents/My Pictures/pond:
Image030.jpg,2002 05 11 09:12:32,"/Users/clairehesselholt/Documents/Documents/My Pictures/May 13, 2002:",/Users/clairehesselholt/Documents/Documents/My Pictures/dadpics:
Image030.jpg,2003 04 16 10:47:14,"/Users/clairehesselholt/Documents/Documents/My Pictures/April 24, 2003:",/Users/clairehesselholt/Documents/Documents/My Pictures/pond:
Image031.jpg,2002 05 11 09:14:22,"/Users/clairehesselholt/Documents/Documents/My Pictures/May 13, 2002:",/Users/clairehesselholt/Documents/Documents/My Pictures/dadpics:
Image031.jpg,2003 04 16 10:47:22,"/Users/clairehesselholt/Documents/Documents/My Pictures/April 24, 2003:",/Users/clairehesselholt/Documents/Documents/My Pictures/pond:
Image032.jpg,2002 05 11 09:48:22,"/Users/clairehesselholt/Documents/Documents/My Pictures/May 13, 2002:",/Users/clairehesselholt/Documents/Documents/My Pictures/dadpics:
Image032.jpg,2003 04 16 10:47:36,"/Users/clairehesselholt/Documents/Documents/My Pictures/April 24, 2003:",/Users/clairehesselholt/Documents/Documents/My Pictures/pond:
Image033.jpg,2002 05 11 09:48:46,"/Users/clairehesselholt/Documents/Documents/My Pictures/May 13, 2002:",/Users/clairehesselholt/Documents/Documents/My Pictures/dadpics:
Image033.jpg,2003 04 16 10:47:42,"/Users/clairehesselholt/Documents/Documents/My Pictures/April 24, 2003:",/Users/clairehesselholt/Documents/Documents/My Pictures/pond:
Image034.jpg,2002 05 12 10:52:56,"/Users/clairehesselholt/Documents/Documents/My Pictures/May 13, 2002:",/Users/clairehesselholt/Documents/Documents/My Pictures/dadpics:
Image034.jpg,2003 04 16 10:47:48,"/Users/clairehesselholt/Documents/Documents/My Pictures/April 24, 2003:",/Users/clairehesselholt/Documents/Documents/My Pictures/pond:
Image035.jpg,2002 05 12 10:53:06,"/Users/clairehesselholt/Documents/Documents/My Pictures/May 13, 2002:",/Users/clairehesselholt/Documents/Documents/My Pictures/dadpics:
Image035.jpg,2003 04 16 10:48:06,"/Users/clairehesselholt/Documents/Documents/My Pictures/April 24, 2003:",/Users/clairehesselholt/Documents/Documents/My Pictures/pond:
Image036.jpg,2003 04 16 10:48:12,"/Users/clairehesselholt/Documents/Documents/My Pictures/April 24, 2003:",/Users/clairehesselholt/Documents/Documents/My Pictures/pond:
Image037.jpg,2003 04 18 09:23:48,"/Users/clairehesselholt/Documents/Documents/My Pictures/April 24, 2003:",/Users/clairehesselholt/Documents/Documents/My Pictures/pond:
Image038.jpg,2003 04 18 09:23:54,"/Users/clairehesselholt/Documents/Documents/My Pictures/April 24, 2003:",/Users/clairehesselholt/Documents/Documents/My Pictures/pond:
Image039.jpg,2003 04 18 09:24:02,"/Users/clairehesselholt/Documents/Documents/My Pictures/April 24, 2003:",/Users/clairehesselholt/Documents/Documents/My Pictures/pond:
Image040.jpg,2003 04 18 09:24:22,"/Users/clairehesselholt/Documents/Documents/My Pictures/April 24, 2003:",/Users/clairehesselholt/Documents/Documents/My Pictures/pond:
Image041.jpg,2003 04 18 09:24:52,"/Users/clairehesselholt/Documents/Documents/My Pictures/April 24, 2003:",/Users/clairehesselholt/Documents/Documents/My Pictures/pond:
Image042.jpg,2003 04 18 09:25:10,"/Users/clairehesselholt/Documents/Documents/My Pictures/April 24, 2003:",/Users/clairehesselholt/Documents/Documents/My Pictures/pond:
Image043.jpg,2003 04 18 09:25:34,"/Users/clairehesselholt/Documents/Documents/My Pictures/April 24, 2003:",/Users/clairehesselholt/Documents/Documents/My Pictures/pond:
Image044.jpg,2003 04 19 08:29:52,"/Users/clairehesselholt/Documents/Documents/My Pictures/April 24, 2003:",/Users/clairehesselholt/Documents/Documents/My Pictures/pond:
Image045.jpg,2003 04 19 08:30:28,"/Users/clairehesselholt/Documents/Documents/My Pictures/April 24, 2003:",/Users/clairehesselholt/Documents/Documents/My Pictures/pond:
Image046.jpg,2003 04 19 08:30:38,"/Users/clairehesselholt/Documents/Documents/My Pictures/April 24, 2003:",/Users/clairehesselholt/Documents/Documents/My Pictures/pond:
Image047.jpg,2003 04 19 08:30:44,"/Users/clairehesselholt/Documents/Documents/My Pictures/April 24, 2003:",/Users/clairehesselholt/Documents/Documents/My Pictures/pond:
Image048.jpg,2003 04 19 08:31:00,"/Users/clairehesselholt/Documents/Documents/My Pictures/April 24, 2003:",/Users/clairehesselholt/Documents/Documents/My Pictures/pond:
Image049.jpg,2003 04 19 08:38:44,"/Users/clairehesselholt/Documents/Documents/My Pictures/April 24, 2003:",/Users/clairehesselholt/Documents/Documents/My Pictures/pond:
Image050.jpg,2003 04 19 08:39:48,"/Users/clairehesselholt/Documents/Documents/My Pictures/April 24, 2003:",/Users/clairehesselholt/Documents/Documents/My Pictures/pond:
Image051.jpg,2003 04 19 08:41:14,"/Users/clairehesselholt/Documents/Documents/My Pictures/April 24, 2003:",/Users/clairehesselholt/Documents/Documents/My Pictures/pond:
Image052.jpg,2003 04 19 08:41:20,"/Users/clairehesselholt/Documents/Documents/My Pictures/April 24, 2003:",/Users/clairehesselholt/Documents/Documents/My Pictures/pond:
Image053.jpg,2003 04 19 08:41:26,"/Users/clairehesselholt/Documents/Documents/My Pictures/April 24, 2003:",/Users/clairehesselholt/Documents/Documents/My Pictures/pond:
Image054.jpg,2003 04 19 08:44:26,"/Users/clairehesselholt/Documents/Documents/My Pictures/April 24, 2003:",/Users/clairehesselholt/Documents/Documents/My Pictures/pond:
Image055.jpg,2003 04 19 08:44:46,"/Users/clairehesselholt/Documents/Documents/My Pictures/April 24, 2003:",/Users/clairehesselholt/Documents/Documents/My Pictures/pond:
Image056.jpg,2003 04 22 11:17:50,"/Users/clairehesselholt/Documents/Documents/My Pictures/April 24, 2003:",/Users/clairehesselholt/Documents/Documents/My Pictures/pond:
Image057.jpg,2003 04 22 11:18:14,"/Users/clairehesselholt/Documents/Documents/My Pictures/April 24, 2003:",/Users/clairehesselholt/Documents/Documents/My Pictures/pond:
Image058.jpg,2003 04 22 11:18:50,"/Users/clairehesselholt/Documents/Documents/My Pictures/April 24, 2003:",/Users/clairehesselholt/Documents/Documents/My Pictures/pond:
Image059.jpg,2003 04 22 11:19:08,"/Users/clairehesselholt/Documents/Documents/My Pictures/April 24, 2003:",/Users/clairehesselholt/Documents/Documents/My Pictures/pond:
Image060.jpg,2003 04 22 11:20:10,"/Users/clairehesselholt/Documents/Documents/My Pictures/April 24, 2003:",/Users/clairehesselholt/Documents/Documents/My Pictures/pond:
PDRM0002.JPG,2001 09 18 18:19:42,"/Users/clairehesselholt/Documents/Documents/My Pictures/October 13, 2001:",/Users/clairehesselholt/Documents/Documents/My Pictures/Trip - London & Dover:
PDRM0003.JPG,2001 09 18 18:20:06,"/Users/clairehesselholt/Documents/Documents/My Pictures/October 13, 2001:",/Users/clairehesselholt/Documents/Documents/My Pictures/Trip - London & Dover:
PDRM0004.JPG,2001 09 18 18:20:12,"/Users/clairehesselholt/Documents/Documents/My Pictures/October 13, 2001:",/Users/clairehesselholt/Documents/Documents/My Pictures/Trip - London & Dover:
PDRM0016.JPG,2001 09 21 18:49:28,"/Users/clairehesselholt/Documents/Documents/My Pictures/October 13, 2001:",/Users/clairehesselholt/Documents/Documents/My Pictures/Trip -- France:
PDRM0017.JPG,2001 09 21 19:25:20,"/Users/clairehesselholt/Documents/Documents/My Pictures/October 13, 2001:",/Users/clairehesselholt/Documents/Documents/My Pictures/Trip -- France:
PDRM0019.JPG,2001 09 21 19:25:30,"/Users/clairehesselholt/Documents/Documents/My Pictures/October 13, 2001:",/Users/clairehesselholt/Documents/Documents/My Pictures/Trip -- France:
PDRM0021.JPG,2001 09 21 19:25:52,"/Users/clairehesselholt/Documents/Documents/My Pictures/October 13, 2001:",/Users/clairehesselholt/Documents/Documents/My Pictures/Trip -- France:
PDRM0022.JPG,2001 09 21 19:27:04,"/Users/clairehesselholt/Documents/Documents/My Pictures/October 13, 2001:",/Users/clairehesselholt/Documents/Documents/My Pictures/Trip -- France:
PDRM0023.JPG,2001 09 21 19:27:26,"/Users/clairehesselholt/Documents/Documents/My Pictures/October 13, 2001:",/Users/clairehesselholt/Documents/Documents/My Pictures/Trip -- France:
PDRM0024.JPG,2001 09 21 20:05:44,"/Users/clairehesselholt/Documents/Documents/My Pictures/October 13, 2001:",/Users/clairehesselholt/Documents/Documents/My Pictures/Trip -- France:
PDRM0026.JPG,2001 09 21 20:06:00,"/Users/clairehesselholt/Documents/Documents/My Pictures/October 13, 2001:",/Users/clairehesselholt/Documents/Documents/My Pictures/Trip -- France:
PDRM0027.JPG,2001 09 21 20:31:32,"/Users/clairehesselholt/Documents/Documents/My Pictures/October 13, 2001:",/Users/clairehesselholt/Documents/Documents/My Pictures/Trip -- France:
PDRM0028.JPG,2001 09 21 20:31:48,"/Users/clairehesselholt/Documents/Documents/My Pictures/October 13, 2001:",/Users/clairehesselholt/Documents/Documents/My Pictures/Trip -- France:
PDRM0029.JPG,2001 09 21 20:33:52,"/Users/clairehesselholt/Documents/Documents/My Pictures/October 13, 2001:",/Users/clairehesselholt/Documents/Documents/My Pictures/Trip -- France:
PDRM0031.JPG,2001 09 21 20:37:46,"/Users/clairehesselholt/Documents/Documents/My Pictures/October 13, 2001:",/Users/clairehesselholt/Documents/Documents/My Pictures/Trip -- France:
PDRM0032.JPG,2001 09 21 20:38:34,"/Users/clairehesselholt/Documents/Documents/My Pictures/October 13, 2001:",/Users/clairehesselholt/Documents/Documents/My Pictures/Trip -- France:
PDRM0033.JPG,2001 09 21 22:54:20,"/Users/clairehesselholt/Documents/Documents/My Pictures/October 13, 2001:",/Users/clairehesselholt/Documents/Documents/My Pictures/Trip -- France:
PDRM0034.JPG,2001 09 21 22:54:30,"/Users/clairehesselholt/Documents/Documents/My Pictures/October 13, 2001:",/Users/clairehesselholt/Documents/Documents/My Pictures/Trip -- France:
PDRM0066.JPG,2001 09 23 21:45:06,"/Users/clairehesselholt/Documents/Documents/My Pictures/October 13, 2001:",/Users/clairehesselholt/Documents/Documents/My Pictures/Trip - York & Castle:
PDRM0067.JPG,2001 09 23 21:45:50,"/Users/clairehesselholt/Documents/Documents/My Pictures/October 13, 2001:",/Users/clairehesselholt/Documents/Documents/My Pictures/Trip - York & Castle:
Spacer00524d.jpg,2005 07 9 22:08:47,/Users/clairehesselholt/Documents/Documents/John L_ Scott Real Estate2_files:,/Users/clairehesselholt/Documents/Documents/John L_ Scott Real Estate3_files:,/Users/clairehesselholt/Documents/Documents/John L_ Scott Real Estate3_files/John L_ Scott Real Estate1_files:,/Users/clairehesselholt/Documents/Documents/John L_ Scott Real Estate4_files:,/Users/clairehesselholt/Documents/Documents/John L_ Scott Real Estate5_files:,/Users/clairehesselholt/Documents/Documents/John L_ Scott Real Estate6_files:,/Users/clairehesselholt/Documents/Documents/John L_ Scott Real Estate7_files:,/Users/clairehesselholt/Documents/Documents/John L_ Scott Real Estate8_files:,/Users/clairehesselholt/Documents/Documents/John L_ Scott Real Estate9_files:
Thumbs.db,2004 09 16 21:53:02,/Users/clairehesselholt/Documents/Documents/My Pictures/Trip -- France:,/Users/clairehesselholt/Documents/Documents/My Pictures/Trip -- Gardens:
Thumbs.db,2005 08 30 21:01:58,/Users/clairehesselholt/Documents/Documents/John L_ Scott Real Estate2_files:,/Users/clairehesselholt/Documents/Documents/John L_ Scott Real Estate3_files/John L_ Scott Real Estate1_files:
Thumbs.db,2005 08 30 21:01:59,/Users/clairehesselholt/Documents/Documents/John L_ Scott Real Estate4_files:,/Users/clairehesselholt/Documents/Documents/John L_ Scott Real Estate5_files:,/Users/clairehesselholt/Documents/Documents/John L_ Scott Real Estate6_files:,/Users/clairehesselholt/Documents/Documents/John L_ Scott Real Estate7_files:,/Users/clairehesselholt/Documents/Documents/John L_ Scott Real Estate8_files:,/Users/clairehesselholt/Documents/Documents/John L_ Scott Real Estate9_files:
Thumbs.db,2005 08 31 20:03:25,"/Users/clairehesselholt/Documents/Documents/My Pictures/August 15, 2004:","/Users/clairehesselholt/Documents/Documents/My Pictures/December 24, 2001:","/Users/clairehesselholt/Documents/Documents/My Pictures/February 09, 2003:"
Thumbs.db,2005 08 31 20:03:26,"/Users/clairehesselholt/Documents/Documents/My Pictures/February 13, 2001:",/Users/clairehesselholt/Documents/Documents/My Pictures/Img0002:,/Users/clairehesselholt/Documents/Documents/My Pictures/Img0004:
Thumbs.db,2005 08 31 20:03:44,"/Users/clairehesselholt/Documents/Documents/My Pictures/January 20, 2003:","/Users/clairehesselholt/Documents/Documents/My Pictures/January 29, 2001:","/Users/clairehesselholt/Documents/Documents/My Pictures/July 23, 2002:"
Thumbs.db,2005 08 31 20:03:45,"/Users/clairehesselholt/Documents/Documents/My Pictures/July 26, 2002:","/Users/clairehesselholt/Documents/Documents/My Pictures/June 05, 2001:","/Users/clairehesselholt/Documents/Documents/My Pictures/March 02, 2001:","/Users/clairehesselholt/Documents/Documents/My Pictures/November 01, 2003:"
Thumbs.db,2005 08 31 20:03:46,/Users/clairehesselholt/Documents/Documents/My Pictures/Pergola:,/Users/clairehesselholt/Documents/Documents/My Pictures/Trip - London & Dover:,/Users/clairehesselholt/Documents/Documents/My Pictures/Trip - London 2:
Thumbs.db,2007 08 10 12:34:12,/Users/clairehesselholt/Documents/Documents/My Pictures/2006-06-16:,"/Users/clairehesselholt/Documents/Documents/My Pictures/April 16, 2002:"
Thumbs.db,2007 08 10 12:34:13,"/Users/clairehesselholt/Documents/Documents/My Pictures/August 23, 2002:",/Users/clairehesselholt/Documents/Documents/My Pictures/christmas2:,/Users/clairehesselholt/Documents/Documents/My Pictures/cindypics:,/Users/clairehesselholt/Documents/Documents/My Pictures/colosantafe:
Thumbs.db,2007 08 10 12:34:14,"/Users/clairehesselholt/Documents/Documents/My Pictures/December 06, 2004:",/Users/clairehesselholt/Documents/Documents/My Pictures/condiv-grancan:
Thumbs.db,2007 08 10 12:34:15,"/Users/clairehesselholt/Documents/Documents/My Pictures/December 31, 2000:",/Users/clairehesselholt/Documents/Documents/My Pictures/Img0014:,/Users/clairehesselholt/Documents/Documents/My Pictures/Img0015:
Thumbs.db,2007 08 10 12:34:18,/Users/clairehesselholt/Documents/Documents/My Pictures/Img0009:,/Users/clairehesselholt/Documents/Documents/My Pictures/Img0011:,/Users/clairehesselholt/Documents/Documents/My Pictures/Img0012:,"/Users/clairehesselholt/Documents/Documents/My Pictures/January 09, 2005:","/Users/clairehesselholt/Documents/Documents/My Pictures/January 25, 2002:"
Thumbs.db,2007 08 20 21:02:44,/Users/clairehesselholt/Documents/Documents/John L_ Scott Real Estate3_files:,/Users/clairehesselholt/Documents/Documents/TransUnion5097_files:
Thumbs.db,2007 08 20 21:03:22,"/Users/clairehesselholt/Documents/Documents/My Pictures/December 17-2, 2000:","/Users/clairehesselholt/Documents/Documents/My Pictures/December 21, 2003:"
Thumbs.db,2007 08 20 21:03:23,/Users/clairehesselholt/Documents/Documents/My Pictures/family:,/Users/clairehesselholt/Documents/Documents/My Pictures/fenskehouse:,/Users/clairehesselholt/Documents/Documents/My Pictures/homecolo:
Thumbs.db,2007 08 20 21:03:25,"/Users/clairehesselholt/Documents/Documents/My Pictures/June 16, 2003:","/Users/clairehesselholt/Documents/Documents/My Pictures/June 18, 2002:","/Users/clairehesselholt/Documents/Documents/My Pictures/June 29, 2003:","/Users/clairehesselholt/Documents/Documents/My Pictures/March 01, 2003:"
Thumbs.db,2007 08 20 21:03:26,"/Users/clairehesselholt/Documents/Documents/My Pictures/March 17, 2002:","/Users/clairehesselholt/Documents/Documents/My Pictures/September 11, 2003:","/Users/clairehesselholt/Documents/Documents/My Pictures/September 13, 2002:",/Users/clairehesselholt/Documents/Documents/My Pictures/printer:
Thumbs.db,2007 08 20 21:03:27,"/Users/clairehesselholt/Documents/Documents/My Pictures/November 16, 2003:","/Users/clairehesselholt/Documents/Documents/My Pictures/November 22, 2001:","/Users/clairehesselholt/Documents/Documents/My Pictures/Oct 3, 2004:","/Users/clairehesselholt/Documents/Documents/My Pictures/October 09, 2003:","/Users/clairehesselholt/Documents/Documents/My Pictures/October 12, 2002:"
Thumbs.db,2007 08 20 21:03:28,"/Users/clairehesselholt/Documents/Documents/My Pictures/March 07, 2004:","/Users/clairehesselholt/Documents/Documents/My Pictures/March 12, 2001:","/Users/clairehesselholt/Documents/Documents/My Pictures/May 13, 2002:"
Thumbs.db,2007 08 20 21:03:29,"/Users/clairehesselholt/Documents/Documents/My Pictures/January 27, 2002:","/Users/clairehesselholt/Documents/Documents/My Pictures/July 14, 2002:","/Users/clairehesselholt/Documents/Documents/My Pictures/July 20, 2001:","/Users/clairehesselholt/Documents/Documents/My Pictures/June 19, 2002:"
Thumbs.db,2007 08 20 21:03:30,"/Users/clairehesselholt/Documents/Documents/My Pictures/January 30, 2001:",/Users/clairehesselholt/Documents/Documents/My Pictures/Trip -- London:
Thumbs.db,2008 08 17 16:43:21,/Users/clairehesselholt/Documents/Documents/My Pictures/Img0029:,/Users/clairehesselholt/Documents/Documents/My Pictures/Img0030:
Thumbs.db,2009 07 18 20:01:31,/Users/clairehesselholt/Documents/Documents/My Pictures/Ozzie pics:,/Users/clairehesselholt/Documents/Documents/My Pictures/Ozzie2:
btnCloseWindow.gif,2005 07 9 22:08:47,/Users/clairehesselholt/Documents/Documents/John L_ Scott Real Estate2_files:,/Users/clairehesselholt/Documents/Documents/John L_ Scott Real Estate3_files:,/Users/clairehesselholt/Documents/Documents/John L_ Scott Real Estate3_files/John L_ Scott Real Estate1_files:,/Users/clairehesselholt/Documents/Documents/John L_ Scott Real Estate4_files:,/Users/clairehesselholt/Documents/Documents/John L_ Scott Real Estate5_files:,/Users/clairehesselholt/Documents/Documents/John L_ Scott Real Estate6_files:,/Users/clairehesselholt/Documents/Documents/John L_ Scott Real Estate7_files:,/Users/clairehesselholt/Documents/Documents/John L_ Scott Real Estate8_files:,/Users/clairehesselholt/Documents/Documents/John L_ Scott Real Estate9_files:
btnNextImage.gif,2005 07 9 22:08:47,/Users/clairehesselholt/Documents/Documents/John L_ Scott Real Estate2_files:,/Users/clairehesselholt/Documents/Documents/John L_ Scott Real Estate3_files:,/Users/clairehesselholt/Documents/Documents/John L_ Scott Real Estate3_files/John L_ Scott Real Estate1_files:,/Users/clairehesselholt/Documents/Documents/John L_ Scott Real Estate4_files:,/Users/clairehesselholt/Documents/Documents/John L_ Scott Real Estate5_files:,/Users/clairehesselholt/Documents/Documents/John L_ Scott Real Estate6_files:,/Users/clairehesselholt/Documents/Documents/John L_ Scott Real Estate7_files:,/Users/clairehesselholt/Documents/Documents/John L_ Scott Real Estate8_files:,/Users/clairehesselholt/Documents/Documents/John L_ Scott Real Estate9_files:
btnPreviousImage.gif,2005 07 9 22:08:47,/Users/clairehesselholt/Documents/Documents/John L_ Scott Real Estate2_files:,/Users/clairehesselholt/Documents/Documents/John L_ Scott Real Estate3_files:,/Users/clairehesselholt/Documents/Documents/John L_ Scott Real Estate3_files/John L_ Scott Real Estate1_files:,/Users/clairehesselholt/Documents/Documents/John L_ Scott Real Estate4_files:,/Users/clairehesselholt/Documents/Documents/John L_ Scott Real Estate5_files:,/Users/clairehesselholt/Documents/Documents/John L_ Scott Real Estate6_files:,/Users/clairehesselholt/Documents/Documents/John L_ Scott Real Estate7_files:,/Users/clairehesselholt/Documents/Documents/John L_ Scott Real Estate8_files:,/Users/clairehesselholt/Documents/Documents/John L_ Scott Real Estate9_files:
fenske1.jpg,2005 08 10 22:02:17,/Users/clairehesselholt/Documents/Documents/My Pictures:,/Users/clairehesselholt/Documents/Documents/My Pictures/fenskehouse:
fenske7.jpg,2005 08 10 22:02:21,/Users/clairehesselholt/Documents/Documents/My Pictures:,/Users/clairehesselholt/Documents/Documents/My Pictures/fenskehouse:
index.dat,2004 08 25 06:55:38,/Users/clairehesselholt/Documents/Documents/My Pictures/History/History.IE5/MSHist012004080920040816:,/Users/clairehesselholt/Documents/Documents/My Pictures/History/History.IE5/MSHist012004081620040823:
p10aug03.jpg,2000 04 19 05:18:40,"/Users/clairehesselholt/Documents/Documents/My Pictures/September 11, 2003:",/Users/clairehesselholt/Documents/Documents/My Pictures/pond:
p11aug03.jpg,2000 04 19 05:18:56,"/Users/clairehesselholt/Documents/Documents/My Pictures/September 11, 2003:",/Users/clairehesselholt/Documents/Documents/My Pictures/pond:
p12aug03.jpg,2000 04 19 05:19:02,"/Users/clairehesselholt/Documents/Documents/My Pictures/September 11, 2003:",/Users/clairehesselholt/Documents/Documents/My Pictures/pond:
p13aug03.jpg,2000 04 19 05:19:06,"/Users/clairehesselholt/Documents/Documents/My Pictures/September 11, 2003:",/Users/clairehesselholt/Documents/Documents/My Pictures/pond:
p14aug03.jpg,2000 04 19 05:19:14,"/Users/clairehesselholt/Documents/Documents/My Pictures/September 11, 2003:",/Users/clairehesselholt/Documents/Documents/My Pictures/pond:
p15aug03.jpg,2000 04 19 05:19:22,"/Users/clairehesselholt/Documents/Documents/My Pictures/September 11, 2003:",/Users/clairehesselholt/Documents/Documents/My Pictures/pond:
p16aug03.jpg,2000 04 19 05:19:32,"/Users/clairehesselholt/Documents/Documents/My Pictures/September 11, 2003:",/Users/clairehesselholt/Documents/Documents/My Pictures/pond:
p17aug03.jpg,2000 04 19 05:19:54,"/Users/clairehesselholt/Documents/Documents/My Pictures/September 11, 2003:",/Users/clairehesselholt/Documents/Documents/My Pictures/pond:
p18aug03.jpg,2000 04 19 05:20:02,"/Users/clairehesselholt/Documents/Documents/My Pictures/September 11, 2003:",/Users/clairehesselholt/Documents/Documents/My Pictures/pond:
p19aug03.jpg,2000 04 19 05:21:46,"/Users/clairehesselholt/Documents/Documents/My Pictures/September 11, 2003:",/Users/clairehesselholt/Documents/Documents/My Pictures/pond:
p20aug03.jpg,2000 04 19 05:21:52,"/Users/clairehesselholt/Documents/Documents/My Pictures/September 11, 2003:",/Users/clairehesselholt/Documents/Documents/My Pictures/pond:
p21aug03.jpg,2000 04 24 02:44:50,"/Users/clairehesselholt/Documents/Documents/My Pictures/September 11, 2003:",/Users/clairehesselholt/Documents/Documents/My Pictures/pond:
p22aug03.jpg,2000 04 24 02:44:58,"/Users/clairehesselholt/Documents/Documents/My Pictures/September 11, 2003:",/Users/clairehesselholt/Documents/Documents/My Pictures/pond:
p23aug03.jpg,2000 04 24 02:45:04,"/Users/clairehesselholt/Documents/Documents/My Pictures/September 11, 2003:",/Users/clairehesselholt/Documents/Documents/My Pictures/pond:
p3aug03.jpg,2000 04 19 05:16:40,"/Users/clairehesselholt/Documents/Documents/My Pictures/September 11, 2003:",/Users/clairehesselholt/Documents/Documents/My Pictures/pond:
p4aug03.jpg,2000 04 19 05:17:08,"/Users/clairehesselholt/Documents/Documents/My Pictures/September 11, 2003:",/Users/clairehesselholt/Documents/Documents/My Pictures/pond:
p5aug03.jpg,2000 04 19 05:17:22,"/Users/clairehesselholt/Documents/Documents/My Pictures/September 11, 2003:",/Users/clairehesselholt/Documents/Documents/My Pictures/pond:
p6aug03.jpg,2000 04 19 05:17:34,"/Users/clairehesselholt/Documents/Documents/My Pictures/September 11, 2003:",/Users/clairehesselholt/Documents/Documents/My Pictures/pond:
p7aug03.jpg,2000 04 19 05:17:42,"/Users/clairehesselholt/Documents/Documents/My Pictures/September 11, 2003:",/Users/clairehesselholt/Documents/Documents/My Pictures/pond:
p8aug03.jpg,2000 04 19 05:17:58,"/Users/clairehesselholt/Documents/Documents/My Pictures/September 11, 2003:",/Users/clairehesselholt/Documents/Documents/My Pictures/pond:
p9aug03.jpg,2000 04 19 05:18:06,"/Users/clairehesselholt/Documents/Documents/My Pictures/September 11, 2003:",/Users/clairehesselholt/Documents/Documents/My Pictures/pond:
sniffer.js,2005 06 25 12:46:38,/Users/clairehesselholt/Documents/Documents/John L_ Scott Real Estate2_files:,/Users/clairehesselholt/Documents/Documents/John L_ Scott Real Estate3_files:,/Users/clairehesselholt/Documents/Documents/John L_ Scott Real Estate3_files/John L_ Scott Real Estate1_files:,/Users/clairehesselholt/Documents/Documents/John L_ Scott Real Estate4_files:,/Users/clairehesselholt/Documents/Documents/John L_ Scott Real Estate5_files:,/Users/clairehesselholt/Documents/Documents/John L_ Scott Real Estate6_files:,/Users/clairehesselholt/Documents/Documents/John L_ Scott Real Estate7_files:,/Users/clairehesselholt/Documents/Documents/John L_ Scott Real Estate8_files:,/Users/clairehesselholt/Documents/Documents/John L_ Scott Real Estate9_files:
